type;percentage_perturbation;kappa
SNE;0.1;0.9704422629328765
SNE;0.2;0.9688183356266225
SNE;0.3;0.9681268524034833
SSWN;0.1;0.7483340417493152
SSWN;0.2;0.6239667448917603
SSWN;0.3;0.512967905007421
