type;kappa
Contraction;0.9924118989093157
InsertAdv;0.9230779409452594
Prejudice;0.9988343860580627
Punctuation;0.9465664742404131
ReverseNeg;0.9575819753081499
SwapNum;0.9982488997483037
VerbTense;0.9694904922623687
Twitter;0.927511869910348
WordCase;1.0
