type;percentage_perturbation;kappa
Keyboard;0.01;0.820622732436844
Keyboard;0.05;0.6161334245349355
Keyboard;0.1;0.3297556651303929
Ocr;0.01;0.8061842931677046
Ocr;0.05;0.5879356849832857
Ocr;0.1;0.3065970882616077
SpellingError;0.01;0.7979945220751958
SpellingError;0.05;0.605462563248852
SpellingError;0.1;0.41013888577079816
Typos;0.01;0.8123767422495265
Typos;0.05;0.6006852633792468
Typos;0.1;0.28606852170100017
