type;kappa
Contraction;0.9956421677010013
InsertAdv;0.9547283713698275
Prejudice;0.9975106207905097
Punctuation;0.9526897432867399
ReverseNeg;0.974686743200418
SwapNum;0.9975156207164254
VerbTense;0.9731964933658017
Twitter;0.9536460320334682
WordCase;0.22263072651125448
