type;percentage_perturbation;kappa
Keyboard;0.01;0.830748441346604
Keyboard;0.05;0.6615672771338192
Keyboard;0.1;0.39544541853708426
Ocr;0.01;0.8637894372926559
Ocr;0.05;0.717447233413016
Ocr;0.1;0.49533794318241564
SpellingError;0.01;0.8090289797038341
SpellingError;0.05;0.6374352996616488
SpellingError;0.1;0.45658161636095684
Typos;0.01;0.8608801384748386
Typos;0.05;0.6354227303354119
Typos;0.1;0.3926425623434854
