type;percentage_perturbation;kappa
SNE;0.1;0.9733072739747831
SNE;0.2;0.9757652773411116
SNE;0.3;0.9745083081264058
SSWN;0.1;0.7125851132356912
SSWN;0.2;0.5754252400415503
SSWN;0.3;0.45951813775509964
