type;percentage_perturbation;kappa
SNE;0.1;0.9989000203073174
SNE;0.2;1.0
SNE;0.3;0.9989000203073174
SSWN;0.1;0.928476247826476
SSWN;0.2;0.8867417935227858
SSWN;0.3;0.8253725723058207
