type;kappa
Contraction;0.9867988554172444
InsertAdv;0.9329294520779666
Prejudice;1.0
Punctuation;0.9703026303384558
ReverseNeg;0.5039996734470427
SwapNum;1.0
VerbTense;0.9648142173761217
Twitter;0.9593292650519165
WordCase;1.0
