type;percentage_perturbation;kappa
Keyboard;0.01;0.930735271730857
Keyboard;0.05;0.7719476858015506
Keyboard;0.1;0.3705323764304729
Ocr;0.01;0.9263426726845722
Ocr;0.05;0.7478796230601608
Ocr;0.1;0.3403203207723635
SpellingError;0.01;0.93949687511333
SpellingError;0.05;0.8079210118130086
SpellingError;0.1;0.6284425208745892
Typos;0.01;0.9329388512501329
Typos;0.05;0.7501592512002543
Typos;0.1;0.31873843619990794
