learning_rate;n_epochs;score
1e-05;5;0.9406237757325341
5e-05;5;0.9474491930663479
0.0001;5;0.8547857126138145
1e-05;7;0.947548568752655
5e-05;7;0.9421673408034728
0.0001;7;0.6830184167494208
1e-05;10;0.953750688528624
5e-05;10;0.9360839988764578
0.0001;10;0.7800332519275774
