learning_rate;n_epochs;score
1e-05;5;0.9186371427909636
5e-05;5;0.9165475820467592
0.0001;5;0.9101298926091749
1e-05;7;0.91768137423506
5e-05;7;0.9157694688452829
0.0001;7;0.9083957588721313
1e-05;10;0.9225811381785728
5e-05;10;0.9245508438265904
0.0001;10;0.910201968484516
