learning_rate;n_epochs;score
1e-05;5;0.9196412720592447
5e-05;5;0.9214859570279696
0.0001;5;0.8686460735317364
1e-05;7;0.9209816003480421
5e-05;7;0.9219998889351175
0.0001;7;0.7743661669619191
1e-05;10;0.9199105414044747
5e-05;10;0.9112684239534583
0.0001;10;0.7743661669619191
