type;kappa
Contraction;0.9595882100085427
InsertAdv;0.21591883092299535
Prejudice;1.0
Punctuation;0.7626234812239701
ReverseNeg;0.17754951020976362
SwapNum;1.0
VerbTense;0.3100469941900177
Twitter;0.6409679510858194
WordCase;1.0
