type;percentage_perturbation;kappa
SNE;0.1;0.8707705049816082
SNE;0.2;0.8614452914578606
SNE;0.3;0.8760907883551469
SSWN;0.1;0.3241026640721001
SSWN;0.2;0.2599870126746675
SSWN;0.3;0.16358087907003482
