type;percentage_perturbation;kappa
Keyboard;0.01;0.36786811234873995
Keyboard;0.05;0.1965266120584115
Keyboard;0.1;0.04788388999163884
Ocr;0.01;0.33020178852920745
Ocr;0.05;0.2548287188495618
Ocr;0.1;0.06179034681798712
SpellingError;0.01;0.3671507514539978
SpellingError;0.05;0.18156600796430578
SpellingError;0.1;0.06625421970025358
Typos;0.01;0.40859326347190295
Typos;0.05;0.23777431879992472
Typos;0.1;0.07053221249626895
