type;percentage_perturbation;kappa
Keyboard;0.01;0.4253726275300235
Keyboard;0.05;0.2305573141403905
Keyboard;0.1;0.05512172585738906
Ocr;0.01;0.41004688334134975
Ocr;0.05;0.2910048723137273
Ocr;0.1;0.0767928412444514
SpellingError;0.01;0.394137463528921
SpellingError;0.05;0.266934323637704
SpellingError;0.1;0.0888412217828598
Typos;0.01;0.4247206096756736
Typos;0.05;0.31714604069676455
Typos;0.1;0.0986400764219092
