type;percentage_perturbation;kappa
SNE;0.1;0.86552265910343
SNE;0.2;0.890135558045219
SNE;0.3;0.8948730416436596
SSWN;0.1;0.3674134207088513
SSWN;0.2;0.31315361805535913
SSWN;0.3;0.15008219050668337
