type;kappa
Contraction;0.9753228764441418
InsertAdv;0.29545910163937106
Prejudice;0.9916208163200958
Punctuation;0.5713304225310041
ReverseNeg;0.41171198526818953
SwapNum;0.9958233960544255
VerbTense;0.35320961362944936
Twitter;0.7567110952057958
WordCase;0.17791288698655117
