learning_rate;n_epochs;score
1e-05;5;0.7103223231598141
5e-05;5;0.7420811292414129
0.0001;5;0.7251600060514097
1e-05;7;0.7191987357526428
5e-05;7;0.7465949455512391
0.0001;7;0.7201315495487699
1e-05;10;0.7340026263987516
5e-05;10;0.7463755948577148
0.0001;10;0.7351808456444218
