type;percentage_perturbation;kappa
Keyboard;0.01;0.7534383946887548
Keyboard;0.05;0.21988819563557183
Keyboard;0.1;0.10255028240032049
Ocr;0.01;0.7685473243186404
Ocr;0.05;0.2787498741053628
Ocr;0.1;0.2985058895887227
SpellingError;0.01;0.8196998705146272
SpellingError;0.05;0.4276263860275892
SpellingError;0.1;0.42084575006945624
Typos;0.01;0.7857033953210372
Typos;0.05;0.2593159687943687
Typos;0.1;0.20167527193860335
