type;percentage_perturbation;kappa
SNE;0.1;0.4434095524997276
SNE;0.2;0.4367761116421097
SNE;0.3;0.4457513978960935
SSWN;0.1;0.8606317235894732
SSWN;0.2;0.7552875730510247
SSWN;0.3;0.7358381597581686
