type;kappa
Contraction;0.9992437547375614
InsertAdv;0.6350829059018777
Prejudice;0.9765123371474688
Punctuation;0.9576570458896176
ReverseNeg;0.9472086377782566
SwapNum;0.976784579762727
VerbTense;0.9667076914501631
Twitter;0.9500455298412678
WordCase;1.0
