learning_rate;n_epochs;score
1e-05;5;0.9086527807454088
5e-05;5;0.9112692312573941
0.0001;5;0.8998087497011714
1e-05;7;0.911921544607127
5e-05;7;0.9130267027442502
0.0001;7;0.9016313171377157
1e-05;10;0.9115474868796218
5e-05;10;0.9050608337588859
0.0001;10;0.9001629335657926
