learning_rate;n_epochs;score
1e-05;5;0.8606243943410489
5e-05;5;0.864440670880417
0.0001;5;0.8356731551301424
1e-05;7;0.8670345110371992
5e-05;7;0.850633177308681
0.0001;7;0.33164083755911894
1e-05;10;0.8668755671073685
5e-05;10;0.8537926612323994
0.0001;10;0.33164083755911894
