learning_rate;n_epochs;score
1e-05;5;0.9497191354074753
5e-05;5;0.9281712713790217
0.0001;5;0.6830184167494208
1e-05;7;0.9401901806489764
5e-05;7;0.9310610865529387
0.0001;7;0.6830184167494208
1e-05;10;0.9384042314274873
5e-05;10;0.9109125899001704
0.0001;10;0.6830184167494208
