type;percentage_perturbation;kappa
Keyboard;0.01;0.6974525399808794
Keyboard;0.05;0.0845378963282114
Keyboard;0.1;0.029196571667479576
Ocr;0.01;0.6497685900928094
Ocr;0.05;0.08199697532970818
Ocr;0.1;0.08957852523623833
SpellingError;0.01;0.7709489993544222
SpellingError;0.05;0.30177975716729044
SpellingError;0.1;0.2869476513160458
Typos;0.01;0.6987282782080446
Typos;0.05;0.11650899497027567
Typos;0.1;0.06465372932896896
