type;percentage_perturbation;kappa
SNE;0.1;0.3668051055687229
SNE;0.2;0.3716941388879601
SNE;0.3;0.37946568814207315
SSWN;0.1;0.836402128951919
SSWN;0.2;0.7158021775522652
SSWN;0.3;0.7073260910811323
