type;kappa
Contraction;0.998230161213351
InsertAdv;0.4877651657671036
Prejudice;0.9639649355984248
Punctuation;0.9642947581666245
ReverseNeg;0.9327242551273955
SwapNum;0.7473686943596101
VerbTense;0.9785079457388842
Twitter;0.8674113049140045
WordCase;1.0
