learning_rate;n_epochs;score
1e-05;5;0.8746300670376461
5e-05;5;0.8813301059083396
0.0001;5;0.8710702395466586
1e-05;7;0.8788981376711581
5e-05;7;0.8795707035752733
0.0001;7;0.8810937883888433
1e-05;10;0.8798330673313897
5e-05;10;0.8840989415635957
0.0001;10;0.8747997472160569
