learning_rate;n_epochs;score
1e-05;5;0.9174392743352247
5e-05;5;0.9293240520310576
0.0001;5;0.0
1e-05;7;0.9257414868311579
5e-05;7;0.928822476462888
0.0001;7;0.0