type;percentage_perturbation;kappa
Keyboard;0.01;0.8361091690908425
Keyboard;0.05;0.6505921852554071
Keyboard;0.1;0.34699412575518773
Ocr;0.01;0.8185561676914745
Ocr;0.05;0.6020787432381578
Ocr;0.1;0.3089515712806724
SpellingError;0.01;0.8191404426084443
SpellingError;0.05;0.6411441970047731
SpellingError;0.1;0.4491922676778971
Typos;0.01;0.8332134630717809
Typos;0.05;0.6067250246687752
Typos;0.1;0.3398808336386091
