type;percentage_perturbation;kappa
SNE;0.1;0.9807431953445537
SNE;0.2;0.981386113867933
SNE;0.3;0.9795878756353238
SSWN;0.1;0.7834393329105214
SSWN;0.2;0.6668878809599441
SSWN;0.3;0.556149827680612
