type;percentage_perturbation;kappa
SNE;0.1;0.45748491356589116
SNE;0.2;0.4604944766965253
SNE;0.3;0.4622511567227735
SSWN;0.1;0.7589490177172472
SSWN;0.2;0.620093431005253
SSWN;0.3;0.5880817828980911
