type;kappa
Contraction;0.992749997281249
InsertAdv;0.7471734883769201
Prejudice;0.9764995946180072
Punctuation;0.874749295464787
ReverseNeg;0.8814936006544354
SwapNum;0.9624995499946
VerbTense;0.9164949896993819
Twitter;0.5608007133236707
WordCase;0.13328632273008545
