learning_rate;n_epochs;score
1e-05;5;0.9186170135861069
5e-05;5;0.923658946948448
0.0001;5;0.8192763368555877
1e-05;7;0.9188622506908783
5e-05;7;0.9270071230230593
0.0001;7;0.9264275787436342
1e-05;10;0.9216359117270468
5e-05;10;0.9246176576288785
0.0001;10;0.9171314649190361