type;percentage_perturbation;kappa
SNE;0.1;0.4963472649632883
SNE;0.2;0.49945252620053193
SNE;0.3;0.496287984424268
SSWN;0.1;0.8848677655679973
SSWN;0.2;0.8011451066661335
SSWN;0.3;0.7849912438002098
