type;percentage_perturbation;kappa
Keyboard;0.01;0.8457616839171104
Keyboard;0.05;0.3735847069355943
Keyboard;0.1;0.1738101575346871
Ocr;0.01;0.8371918566973391
Ocr;0.05;0.38275320093179
Ocr;0.1;0.31042142202374734
SpellingError;0.01;0.8690621787496274
SpellingError;0.05;0.5494400930188195
SpellingError;0.1;0.5095182247320813
Typos;0.01;0.8465653592259996
Typos;0.05;0.4401029833933393
Typos;0.1;0.31553639774769937
