type;kappa
Contraction;0.9984890844852963
InsertAdv;0.774391735370714
Prejudice;0.9848812221566445
Punctuation;0.9537123948584282
ReverseNeg;0.9475481502621931
SwapNum;0.9828791966818372
VerbTense;0.9609539331984774
Twitter;0.9372663944767218
WordCase;0.6387607946032978
