type;percentage_perturbation;percentage_altered;kappa
Keyboard;0.01;0.4146452243047377
Keyboard;0.05;0.27676086010513
Keyboard;0.1;0.08092794685222426
Ocr;0.01;0.38566669362330785
Ocr;0.05;0.2063053172774012
Ocr;0.1;0.13044750804884087
SpellingError;0.01;0.376343885112537
SpellingError;0.05;0.28345924582202053
SpellingError;0.1;0.10021356395641856
Typos;0.01;0.44181917369353385
Typos;0.05;0.3159918915400495
Typos;0.1;0.10302705026754866
