type;percentage_perturbation;kappa
SNE;0.1;0.8935941853287436
SNE;0.2;0.8802766797333195
SNE;0.3;0.8841209634364842
SSWN;0.1;0.46247932788155854
SSWN;0.2;0.39465545170085825
SSWN;0.3;0.27041866849691154
