learning_rate;n_epochs;score
1e-05;5;0.8290809784996296
5e-05;5;0.82136014467407
0.0001;5;0.33164083755911894
1e-05;7;0.8353294366910664
5e-05;7;0.33164083755911894
0.0001;7;0.33164083755911894
1e-05;10;0.844102204967115
5e-05;10;0.8264030136944054
0.0001;10;0.33164083755911894
