learning_rate;n_epochs;score
1e-05;5;0.9241805597107972
5e-05;5;0.9124788373425721
0.0001;5;0.7743661669619191
1e-05;7;0.922475364868976
5e-05;7;0.8906080782935705
0.0001;7;0.7743661669619191
1e-05;10;0.9215244517673612
5e-05;10;0.7743661669619191
0.0001;10;0.7743661669619191
