type;percentage_perturbation;kappa
Keyboard;0.01;0.9142929551968623
Keyboard;0.05;0.7463496200228052
Keyboard;0.1;0.426303190835013
Ocr;0.01;0.9263768696637608
Ocr;0.05;0.765963300925532
Ocr;0.1;0.4493096346935439
SpellingError;0.01;0.9351309739802988
SpellingError;0.05;0.7970077036867429
SpellingError;0.1;0.6221180444656168
Typos;0.01;0.9186947623483755
Typos;0.05;0.7552131651521317
Typos;0.1;0.4546709916311338
