type;percentage_perturbation;kappa
SNE;0.1;0.9956012102106998
SNE;0.2;0.9934018153160498
SNE;0.3;0.9956004981753301
SSWN;0.1;0.9230585363557017
SSWN;0.2;0.8835074852955555
SSWN;0.3;0.8199555803135422
