type;kappa
Contraction;0.9890012454383255
InsertAdv;0.9374109452004324
Prejudice;1.0
Punctuation;0.9681100643306036
ReverseNeg;0.35461948225016793
SwapNum;0.9989002580558664
VerbTense;0.9791116646612883
Twitter;0.9648039854026413
WordCase;1.0
