type;percentage_perturbation;kappa
Keyboard;0.01;0.6348411861746117
Keyboard;0.05;0.45072331410811717
Keyboard;0.1;0.1784305818030706
Ocr;0.01;0.6271077998166255
Ocr;0.05;0.4417676714155776
Ocr;0.1;0.20619089072770258
SpellingError;0.01;0.6805679807534425
SpellingError;0.05;0.49088768830651797
SpellingError;0.1;0.2769958303591238
Typos;0.01;0.6491578280181696
Typos;0.05;0.46349020397404816
Typos;0.1;0.22151828156695585
