type;kappa
Contraction;0.9461893808600926
InsertAdv;0.6262169071239678
Prejudice;0.9918759858731521
Punctuation;0.8256879976512904
ReverseNeg;0.5125391204608425
SwapNum;0.9721070536485107
VerbTense;0.897870073435428
Twitter;0.555111258223913
