type;percentage_perturbation;kappa
SNE;0.1;0.911597941683493
SNE;0.2;0.9102181378925467
SNE;0.3;0.9094552857670158
SSWN;0.1;0.6988500033039594
SSWN;0.2;0.6246991750805213
SSWN;0.3;0.5376991158418543
