type;percentage_perturbation;kappa
Keyboard;0.01;0.7378940372332566
Keyboard;0.05;0.5672129700040922
Keyboard;0.1;0.3289696487875664
Ocr;0.01;0.731929254631277
Ocr;0.05;0.5519950914839864
Ocr;0.1;0.34140441369961283
SpellingError;0.01;0.7355190355409017
SpellingError;0.05;0.598980142912503
SpellingError;0.1;0.38886269552950825
Typos;0.01;0.7301335157450248
Typos;0.05;0.563817493782079
Typos;0.1;0.35370636593800053
