type;kappa
Contraction;0.9779283773479157
InsertAdv;0.6345114695124403
Prejudice;0.9891186173280194
Punctuation;0.8987643487086354
ReverseNeg;0.3964397510060075
SwapNum;0.9687418345327067
VerbTense;0.9173851387617687
Twitter;0.8065409550425511
WordCase;0.49494393045121277
