type;percentage_perturbation;kappa
SNE;0.1;0.8733292657335925
SNE;0.2;0.870279338582359
SNE;0.3;0.8714953825641605
SSWN;0.1;0.7465228898876481
SSWN;0.2;0.6921050006736821
SSWN;0.3;0.62819852301219
