type;kappa
Contraction;0.9801672874599752
InsertAdv;0.8900159087367593
Prejudice;1.0
Punctuation;0.9460787779572554
ReverseNeg;0.26007807927140336
SwapNum;1.0
VerbTense;0.94827345499379
Twitter;0.9437904794069103
WordCase;0.34615316474085733
