type;percentage_perturbation;kappa
SNE;0.1;0.9988983806013354
SNE;0.2;0.9977966292420332
SNE;0.3;0.9955927305466612
SSWN;0.1;0.908664052458208
SSWN;0.2;0.8570719584999711
SSWN;0.3;0.7883760461432021
