type;percentage_perturbation;kappa
Keyboard;0.01;0.9064631862523818
Keyboard;0.05;0.7702294210229855
Keyboard;0.1;0.4692528688813943
Ocr;0.01;0.9152057764352646
Ocr;0.05;0.743476313035403
Ocr;0.1;0.4703373176843889
SpellingError;0.01;0.9162518471721474
SpellingError;0.05;0.7783357919703806
SpellingError;0.1;0.6389080250898196
Typos;0.01;0.8932196596681556
Typos;0.05;0.7582084904054724
Typos;0.1;0.46383246544309553
