type;kappa
Contraction;0.9696290316448652
InsertAdv;0.6157836578915641
Prejudice;0.989110547429857
Punctuation;0.8990729410994273
ReverseNeg;0.44872881183331914
SwapNum;0.9685692679693642
VerbTense;0.9213074615404129
Twitter;0.7343700647092968
WordCase;1.0
