type;percentage_perturbation;kappa
SNE;0.1;0.8557479826078592
SNE;0.2;0.8532972057214434
SNE;0.3;0.854221592333991
SSWN;0.1;0.7427896818752733
SSWN;0.2;0.6875256589082863
SSWN;0.3;0.6148010559339132
