type;percentage_perturbation;kappa
Keyboard;0.01;0.7269457170735217
Keyboard;0.05;0.5362800555320746
Keyboard;0.1;0.29038827951925306
Ocr;0.01;0.7152244265750438
Ocr;0.05;0.5332634156590355
Ocr;0.1;0.3170332022400184
SpellingError;0.01;0.7504201328039294
SpellingError;0.05;0.5998522104615396
SpellingError;0.1;0.40380928560012885
Typos;0.01;0.7198563533474747
Typos;0.05;0.5394222683217204
Typos;0.1;0.32632254151180917
