type;kappa
Contraction;0.9905684284230027
InsertAdv;0.9397893075187328
Prejudice;0.9994079840345583
Punctuation;0.9418171015701053
ReverseNeg;0.9564716626391877
SwapNum;0.9976328133991262
VerbTense;0.9774313403710578
Twitter;0.9304652387939343
WordCase;0.0
