type;percentage_perturbation;kappa
Keyboard;0.01;0.8112249467999585
Keyboard;0.05;0.62237738215883
Keyboard;0.1;0.3516798080368858
Ocr;0.01;0.830856920678881
Ocr;0.05;0.6564244276095264
Ocr;0.1;0.41198640281743015
SpellingError;0.01;0.7911771578904766
SpellingError;0.05;0.5903782939616922
SpellingError;0.1;0.37823035701396057
Typos;0.01;0.8273258206369394
Typos;0.05;0.5969185195349637
Typos;0.1;0.35959006271012894
