type;percentage_perturbation;kappa
SNE;0.1;0.9670596365918177
SNE;0.2;0.9735455539713868
SNE;0.3;0.9752125832268647
SSWN;0.1;0.6948755233693286
SSWN;0.2;0.5537857849227883
SSWN;0.3;0.4242387367754191
