learning_rate;n_epochs;score
1e-05;5;0.8565387988223528
5e-05;5;0.8684849037776272
0.0001;5;0.8519758117519762
1e-05;7;0.8589195149606296
5e-05;7;0.8669154325008661
0.0001;7;0.8521640005388391
1e-05;10;0.8608486144221505
5e-05;10;0.8617774405920111
0.0001;10;0.851522278025591
