learning_rate;n_epochs;score
1e-05;5;0.9147446237125723
5e-05;5;0.8192763368555877
0.0001;5;0.8192763368555877
1e-05;7;0.9115065769078174
5e-05;7;0.9210750092170179
0.0001;7;0.8192763368555877
1e-05;10;0.9211696295855879
5e-05;10;0.9211009445279836
0.0001;10;0.8192763368555877
