learning_rate;n_epochs;score
1e-05;5;0.9471422197693232
5e-05;5;0.9554035397780369
0.0001;5;0.9368397561338483
1e-05;7;0.9467740010614722
5e-05;7;0.945357312514695
0.0001;7;0.9364361411065095
1e-05;10;0.9445885174136369
5e-05;10;0.9386670113029946
0.0001;10;0.9411309365943129
