learning_rate;n_epochs;score
1e-05;5;0.9322358275437514
5e-05;5;0.9428782334367745
0.0001;5;0.0
1e-05;7;0.940741513551986
5e-05;7;0.9456942811246198
0.0001;7;0.0
1e-05;10;0.9433933553100226
5e-05;10;0.9483836356879836
0.0001;10;0.9436235191655022
