type;percentage_perturbation;kappa
Keyboard;0.01;0.8812455844791044
Keyboard;0.05;0.6866130230566784
Keyboard;0.1;0.28158848580274953
Ocr;0.01;0.8613748327950148
Ocr;0.05;0.6675602444367578
Ocr;0.1;0.2838773595474151
SpellingError;0.01;0.9063174656781838
SpellingError;0.05;0.698574356474083
SpellingError;0.1;0.5163381411553523
Typos;0.01;0.8965958433913983
Typos;0.05;0.6902419013100358
Typos;0.1;0.3157628363372531
