type;percentage_perturbation;kappa
SNE;0.1;0.9977942993357461
SNE;0.2;0.9955885986714923
SNE;0.3;0.998897071515918
SSWN;0.1;0.8754749728133095
SSWN;0.2;0.8138952234262379
SSWN;0.3;0.7335256235827664
