type;kappa
Contraction;0.9779367398716188
InsertAdv;0.876829869263994
Prejudice;1.0
Punctuation;0.9405135241081929
ReverseNeg;0.3270857244539348
SwapNum;1.0
VerbTense;0.9393647143866455
Twitter;0.9262396915303237
WordCase;-0.0007963043311809415
