learning_rate;n_epochs;score
1e-05;5;0.9209140504151221
5e-05;5;0.9262320327596824
0.0001;5;0.9212363614795587
1e-05;7;0.9236330660507509
5e-05;7;0.9287299265488973
0.0001;7;0.9257181008525346
1e-05;10;0.9266594968760822
5e-05;10;0.92690940255331
0.0001;10;0.9260879973073065
