type;kappa
Contraction;0.9846456806648242
InsertAdv;0.24021662084530782
Prejudice;1.0
Punctuation;0.8523995021496934
ReverseNeg;0.20905281127082243
SwapNum;1.0
VerbTense;0.22760610832821748
Twitter;0.7429139414298889
WordCase;1.0
