type;percentage_perturbation;kappa
Keyboard;0.01;0.4749176728869374
Keyboard;0.05;0.29838601557262934
Keyboard;0.1;0.1194285846019073
Ocr;0.01;0.44259570743434296
Ocr;0.05;0.3581760428425169
Ocr;0.1;0.17309726803161363
SpellingError;0.01;0.383026772617427
SpellingError;0.05;0.26187469519973905
SpellingError;0.1;0.10452459597862951
Typos;0.01;0.47786177520242534
Typos;0.05;0.3608176192236874
Typos;0.1;0.15734175542790996
