type;percentage_perturbation;kappa
SNE;0.1;0.9183269706355495
SNE;0.2;0.8774904559533242
SNE;0.3;0.8876995846238805
SSWN;0.1;0.3217121924447707
SSWN;0.2;0.27497331953170756
SSWN;0.3;0.1569381571655788
