learning_rate;n_epochs;score
1e-05;5;0.8594698000802649
5e-05;5;0.8192763368555877
0.0001;5;0.8192763368555877
1e-05;7;0.8772168826839662
5e-05;7;0.8192763368555877
0.0001;7;0.8192763368555877
1e-05;10;0.8906622968538394
5e-05;10;0.8458391180358963
0.0001;10;0.8192763368555877
