learning_rate;n_epochs;score
1e-05;5;0.6581298548035205
5e-05;5;0.8251738843001821
0.0001;5;0.5563611891609805
1e-05;7;0.6533567430643337
5e-05;7;0.8135832593948107
0.0001;7;0.7975204663239869
1e-05;10;0.7975087479948606
5e-05;10;0.831704062609121
0.0001;10;0.5270025347543881
