type;kappa
Contraction;0.9790210599137814
InsertAdv;0.6371958033465619
Prejudice;0.989434235350921
Punctuation;0.9238909009096552
ReverseNeg;0.43865373945353914
SwapNum;0.9699902031333718
VerbTense;0.9398200034365095
Twitter;0.8379037124084998
WordCase;1.0
