type;percentage_perturbation;kappa
SNE;0.1;0.8668479748503326
SNE;0.2;0.8688381765920985
SNE;0.3;0.8717450076305728
SSWN;0.1;0.7645009152207246
SSWN;0.2;0.7029755831632858
SSWN;0.3;0.6324646403302691
