type;percentage_perturbation;kappa
Keyboard;0.01;0.737529383913579
Keyboard;0.05;0.5280678238162426
Keyboard;0.1;0.22425524548603215
Ocr;0.01;0.7312641566367889
Ocr;0.05;0.5239391557763935
Ocr;0.1;0.23689939275521765
SpellingError;0.01;0.7699832765044643
SpellingError;0.05;0.5882560043176666
SpellingError;0.1;0.355141066806668
Typos;0.01;0.7478089374170227
Typos;0.05;0.5457120574711667
Typos;0.1;0.26575803223649097
